AAA,-0.79 ,-1.45 ,-1.97 ,-0.14 ,-1.45 ,-1.45 ,1.61 ,1.39 ,-1.97 ,-11.85 ,-1.11 ,1.97 ,,,,,,,,,,,,,,,,,,,,,,,,,,,,,,,,,,,,,,,,,,,,,,,,,,,
AAC,-0.57 ,-0.71 ,-0.66 ,-0.03 ,-0.72 ,-0.72 ,0.78 ,0.99 ,-1.97 ,-11.85 ,-0.26 ,0.45 ,,,,,,,,,,,,,,,,,,,,,,,,,,,,,,,,,,,,,,,,,,,,,,,,,,,
AAG,-0.19 ,-0.14 ,-0.66 ,0.01 ,-0.14 ,-0.14 ,0.14 ,0.32 ,-1.97 ,-11.85 ,0.08 ,-0.15 ,,,,,,,,,,,,,,,,,,,,,,,,,,,,,,,,,,,,,,,,,,,,,,,,,,,
AAT,-0.81 ,-1.36 ,-1.97 ,-0.12 ,-1.37 ,-1.37 ,1.52 ,1.41 ,-1.97 ,-11.85 ,-0.95 ,1.68 ,,,,,,,,,,,,,,,,,,,,,,,,,,,,,,,,,,,,,,,,,,,,,,,,,,,
ACA,0.04 ,0.09 ,-0.66 ,0.01 ,0.09 ,0.09 ,-0.11 ,-0.08 ,1.97 ,11.85 ,0.08 ,-0.15 ,,,,,,,,,,,,,,,,,,,,,,,,,,,,,,,,,,,,,,,,,,,,,,,,,,,
ACC,-0.05 ,0.03 ,0.66 ,0.02 ,0.04 ,0.04 ,-0.06 ,0.07 ,1.97 ,11.85 ,0.13 ,-0.23 ,,,,,,,,,,,,,,,,,,,,,,,,,,,,,,,,,,,,,,,,,,,,,,,,,,,
ACG,-0.05 ,0.03 ,0.66 ,0.02 ,0.03 ,0.03 ,-0.05 ,0.07 ,1.97 ,11.85 ,0.13 ,-0.23 ,,,,,,,,,,,,,,,,,,,,,,,,,,,,,,,,,,,,,,,,,,,,,,,,,,,
ACT,-0.51 ,-0.36 ,-0.66 ,0.03 ,-0.36 ,-0.36 ,0.38 ,0.89 ,1.97 ,11.85 ,0.22 ,-0.39 ,,,,,,,,,,,,,,,,,,,,,,,,,,,,,,,,,,,,,,,,,,,,,,,,,,,
AGA,0.14 ,-0.08 ,-0.66 ,-0.04 ,-0.08 ,-0.08 ,0.08 ,-0.25 ,1.97 ,11.85 ,-0.36 ,0.61 ,,,,,,,,,,,,,,,,,,,,,,,,,,,,,,,,,,,,,,,,,,,,,,,,,,,
AGC,0.12 ,0.48 ,0.66 ,0.08 ,0.48 ,0.48 ,-0.53 ,-0.21 ,1.97 ,11.85 ,0.61 ,-1.05 ,,,,,,,,,,,,,,,,,,,,,,,,,,,,,,,,,,,,,,,,,,,,,,,,,,,
AGG,-0.12 ,-0.04 ,0.66 ,0.02 ,-0.04 ,-0.04 ,0.03 ,0.20 ,1.97 ,11.85 ,0.13 ,-0.23 ,,,,,,,,,,,,,,,,,,,,,,,,,,,,,,,,,,,,,,,,,,,,,,,,,,,
AGT,-0.51 ,-0.36 ,-0.66 ,0.03 ,-0.36 ,-0.36 ,0.38 ,0.89 ,1.97 ,11.85 ,0.22 ,-0.39 ,,,,,,,,,,,,,,,,,,,,,,,,,,,,,,,,,,,,,,,,,,,,,,,,,,,
ATA,0.61 ,0.30 ,-1.97 ,-0.06 ,0.31 ,0.31 ,-0.35 ,-1.04 ,-1.97 ,-11.85 ,-0.47 ,0.82 ,,,,,,,,,,,,,,,,,,,,,,,,,,,,,,,,,,,,,,,,,,,,,,,,,,,
ATC,-0.28 ,-0.21 ,-0.66 ,0.01 ,-0.21 ,-0.21 ,0.22 ,0.48 ,-1.97 ,-11.85 ,0.10 ,-0.19 ,,,,,,,,,,,,,,,,,,,,,,,,,,,,,,,,,,,,,,,,,,,,,,,,,,,
ATG,0.47 ,0.71 ,-0.66 ,0.05 ,0.72 ,0.72 ,-0.79 ,-0.80 ,-1.97 ,-11.85 ,0.42 ,-0.74 ,,,,,,,,,,,,,,,,,,,,,,,,,,,,,,,,,,,,,,,,,,,,,,,,,,,
ATT,-0.81 ,-1.36 ,-1.97 ,-0.12 ,-1.37 ,-1.37 ,1.52 ,1.41 ,-1.97 ,-11.85 ,-0.95 ,1.68 ,,,,,,,,,,,,,,,,,,,,,,,,,,,,,,,,,,,,,,,,,,,,,,,,,,,
CAA,0.10 ,-0.12 ,-0.66 ,-0.04 ,-0.12 ,-0.12 ,0.12 ,-0.18 ,-1.97 ,-11.85 ,-0.36 ,0.61 ,,,,,,,,,,,,,,,,,,,,,,,,,,,,,,,,,,,,,,,,,,,,,,,,,,,
CAC,0.19 ,0.41 ,0.66 ,0.05 ,0.41 ,0.41 ,-0.46 ,-0.33 ,-1.97 ,-11.85 ,0.38 ,-0.66 ,,,,,,,,,,,,,,,,,,,,,,,,,,,,,,,,,,,,,,,,,,,,,,,,,,,
CAG,0.60 ,0.48 ,0.66 ,-0.02 ,0.49 ,0.49 ,-0.54 ,-1.01 ,-1.97 ,-11.85 ,-0.15 ,0.25 ,,,,,,,,,,,,,,,,,,,,,,,,,,,,,,,,,,,,,,,,,,,,,,,,,,,
CAT,0.47 ,0.71 ,-0.66 ,0.05 ,0.72 ,0.72 ,-0.79 ,-0.80 ,-1.97 ,-11.85 ,0.42 ,-0.74 ,,,,,,,,,,,,,,,,,,,,,,,,,,,,,,,,,,,,,,,,,,,,,,,,,,,
CCA,-0.70 ,-0.60 ,0.66 ,0.02 ,-0.60 ,-0.60 ,0.65 ,1.23 ,1.97 ,11.85 ,0.13 ,-0.23 ,,,,,,,,,,,,,,,,,,,,,,,,,,,,,,,,,,,,,,,,,,,,,,,,,,,
CCC,0.03 ,0.19 ,1.97 ,0.03 ,0.18 ,0.18 ,-0.21 ,-0.06 ,1.97 ,11.85 ,0.26 ,-0.46 ,,,,,,,,,,,,,,,,,,,,,,,,,,,,,,,,,,,,,,,,,,,,,,,,,,,
CCG,-0.37 ,-0.38 ,1.97 ,0.00 ,-0.37 ,-0.37 ,0.40 ,0.63 ,1.97 ,11.85 ,-0.03 ,0.05 ,,,,,,,,,,,,,,,,,,,,,,,,,,,,,,,,,,,,,,,,,,,,,,,,,,,
CCT,-0.12 ,-0.04 ,0.66 ,0.02 ,-0.04 ,-0.04 ,0.03 ,0.20 ,1.97 ,11.85 ,0.13 ,-0.23 ,,,,,,,,,,,,,,,,,,,,,,,,,,,,,,,,,,,,,,,,,,,,,,,,,,,
CGA,0.04 ,0.53 ,0.66 ,0.10 ,0.53 ,0.53 ,-0.59 ,-0.08 ,1.97 ,11.85 ,0.79 ,-1.36 ,,,,,,,,,,,,,,,,,,,,,,,,,,,,,,,,,,,,,,,,,,,,,,,,,,,
CGC,-0.18 ,0.20 ,1.97 ,0.08 ,0.20 ,0.20 ,-0.23 ,0.30 ,1.97 ,11.85 ,0.61 ,-1.05 ,,,,,,,,,,,,,,,,,,,,,,,,,,,,,,,,,,,,,,,,,,,,,,,,,,,
CGG,-0.37 ,-0.38 ,1.97 ,0.00 ,-0.37 ,-0.37 ,0.40 ,0.63 ,1.97 ,11.85 ,-0.03 ,0.05 ,,,,,,,,,,,,,,,,,,,,,,,,,,,,,,,,,,,,,,,,,,,,,,,,,,,
CGT,-0.05 ,0.03 ,0.66 ,0.02 ,0.03 ,0.03 ,-0.05 ,0.07 ,1.97 ,11.85 ,0.13 ,-0.23 ,,,,,,,,,,,,,,,,,,,,,,,,,,,,,,,,,,,,,,,,,,,,,,,,,,,
CTA,0.33 ,-0.05 ,-0.66 ,-0.07 ,-0.05 ,-0.05 ,0.04 ,-0.58 ,-1.97 ,-11.85 ,-0.61 ,1.06 ,,,,,,,,,,,,,,,,,,,,,,,,,,,,,,,,,,,,,,,,,,,,,,,,,,,
CTC,0.16 ,0.23 ,0.66 ,0.02 ,0.23 ,0.23 ,-0.26 ,-0.28 ,-1.97 ,-11.85 ,0.13 ,-0.23 ,,,,,,,,,,,,,,,,,,,,,,,,,,,,,,,,,,,,,,,,,,,,,,,,,,,
CTG,0.60 ,0.48 ,0.66 ,-0.02 ,0.49 ,0.49 ,-0.54 ,-1.01 ,-1.97 ,-11.85 ,-0.15 ,0.25 ,,,,,,,,,,,,,,,,,,,,,,,,,,,,,,,,,,,,,,,,,,,,,,,,,,,
CTT,-0.19 ,-0.14 ,-0.66 ,0.01 ,-0.14 ,-0.14 ,0.14 ,0.32 ,-1.97 ,-11.85 ,0.08 ,-0.15 ,,,,,,,,,,,,,,,,,,,,,,,,,,,,,,,,,,,,,,,,,,,,,,,,,,,
GAA,-0.06 ,-0.32 ,-0.66 ,-0.05 ,-0.32 ,-0.32 ,0.34 ,0.10 ,-1.97 ,-11.85 ,-0.42 ,0.74 ,,,,,,,,,,,,,,,,,,,,,,,,,,,,,,,,,,,,,,,,,,,,,,,,,,,
GAC,0.01 ,0.09 ,0.66 ,0.02 ,0.09 ,0.09 ,-0.12 ,-0.03 ,-1.97 ,-11.85 ,0.13 ,-0.23 ,,,,,,,,,,,,,,,,,,,,,,,,,,,,,,,,,,,,,,,,,,,,,,,,,,,
GAG,0.16 ,0.23 ,0.66 ,0.02 ,0.23 ,0.23 ,-0.26 ,-0.28 ,-1.97 ,-11.85 ,0.13 ,-0.23 ,,,,,,,,,,,,,,,,,,,,,,,,,,,,,,,,,,,,,,,,,,,,,,,,,,,
GAT,-0.28 ,-0.21 ,-0.66 ,0.01 ,-0.21 ,-0.21 ,0.22 ,0.48 ,-1.97 ,-11.85 ,0.10 ,-0.19 ,,,,,,,,,,,,,,,,,,,,,,,,,,,,,,,,,,,,,,,,,,,,,,,,,,,
GCA,0.29 ,0.44 ,0.66 ,0.03 ,0.44 ,0.44 ,-0.50 ,-0.50 ,1.97 ,11.85 ,0.26 ,-0.46 ,,,,,,,,,,,,,,,,,,,,,,,,,,,,,,,,,,,,,,,,,,,,,,,,,,,
GCC,0.39 ,1.10 ,1.97 ,0.15 ,1.10 ,1.10 ,-1.20 ,-0.67 ,1.97 ,11.85 ,1.18 ,-2.01 ,,,,,,,,,,,,,,,,,,,,,,,,,,,,,,,,,,,,,,,,,,,,,,,,,,,
GCG,-0.18 ,0.20 ,1.97 ,0.08 ,0.20 ,0.20 ,-0.23 ,0.30 ,1.97 ,11.85 ,0.61 ,-1.05 ,,,,,,,,,,,,,,,,,,,,,,,,,,,,,,,,,,,,,,,,,,,,,,,,,,,
GCT,0.12 ,0.48 ,0.66 ,0.08 ,0.48 ,0.48 ,-0.53 ,-0.21 ,1.97 ,11.85 ,0.61 ,-1.05 ,,,,,,,,,,,,,,,,,,,,,,,,,,,,,,,,,,,,,,,,,,,,,,,,,,,
GGA,0.10 ,-0.05 ,0.66 ,-0.03 ,-0.05 ,-0.05 ,0.05 ,-0.18 ,1.97 ,11.85 ,-0.24 ,0.41 ,,,,,,,,,,,,,,,,,,,,,,,,,,,,,,,,,,,,,,,,,,,,,,,,,,,
GGC,0.39 ,1.10 ,1.97 ,0.15 ,1.10 ,1.10 ,-1.20 ,-0.67 ,1.97 ,11.85 ,1.18 ,-2.01 ,,,,,,,,,,,,,,,,,,,,,,,,,,,,,,,,,,,,,,,,,,,,,,,,,,,
GGG,0.03 ,0.19 ,1.97 ,0.03 ,0.18 ,0.18 ,-0.21 ,-0.06 ,1.97 ,11.85 ,0.26 ,-0.46 ,,,,,,,,,,,,,,,,,,,,,,,,,,,,,,,,,,,,,,,,,,,,,,,,,,,
GGT,-0.05 ,0.03 ,0.66 ,0.02 ,0.04 ,0.04 ,-0.06 ,0.07 ,1.97 ,11.85 ,0.13 ,-0.23 ,,,,,,,,,,,,,,,,,,,,,,,,,,,,,,,,,,,,,,,,,,,,,,,,,,,
GTA,0.13 ,-0.04 ,-0.66 ,-0.03 ,-0.03 ,-0.03 ,0.02 ,-0.23 ,-1.97 ,-11.85 ,-0.26 ,0.45 ,,,,,,,,,,,,,,,,,,,,,,,,,,,,,,,,,,,,,,,,,,,,,,,,,,,
GTC,0.01 ,0.09 ,0.66 ,0.02 ,0.09 ,0.09 ,-0.12 ,-0.03 ,-1.97 ,-11.85 ,0.13 ,-0.23 ,,,,,,,,,,,,,,,,,,,,,,,,,,,,,,,,,,,,,,,,,,,,,,,,,,,
GTG,0.19 ,0.41 ,0.66 ,0.05 ,0.41 ,0.41 ,-0.46 ,-0.33 ,-1.97 ,-11.85 ,0.38 ,-0.66 ,,,,,,,,,,,,,,,,,,,,,,,,,,,,,,,,,,,,,,,,,,,,,,,,,,,
GTT,-0.57 ,-0.71 ,-0.66 ,-0.03 ,-0.72 ,-0.72 ,0.78 ,0.99 ,-1.97 ,-11.85 ,-0.26 ,0.45 ,,,,,,,,,,,,,,,,,,,,,,,,,,,,,,,,,,,,,,,,,,,,,,,,,,,
TAA,0.26 ,-0.15 ,-1.97 ,-0.08 ,-0.15 ,-0.15 ,0.15 ,-0.45 ,-1.97 ,-11.85 ,-0.65 ,1.14 ,,,,,,,,,,,,,,,,,,,,,,,,,,,,,,,,,,,,,,,,,,,,,,,,,,,
TAC,0.13 ,-0.04 ,-0.66 ,-0.03 ,-0.03 ,-0.03 ,0.02 ,-0.23 ,-1.97 ,-11.85 ,-0.26 ,0.45 ,,,,,,,,,,,,,,,,,,,,,,,,,,,,,,,,,,,,,,,,,,,,,,,,,,,
TAG,0.33 ,-0.05 ,-0.66 ,-0.07 ,-0.05 ,-0.05 ,0.04 ,-0.58 ,-1.97 ,-11.85 ,-0.61 ,1.06 ,,,,,,,,,,,,,,,,,,,,,,,,,,,,,,,,,,,,,,,,,,,,,,,,,,,
TAT,0.61 ,0.30 ,-1.97 ,-0.06 ,0.31 ,0.31 ,-0.35 ,-1.04 ,-1.97 ,-11.85 ,-0.47 ,0.82 ,,,,,,,,,,,,,,,,,,,,,,,,,,,,,,,,,,,,,,,,,,,,,,,,,,,
TCA,0.66 ,0.71 ,-0.66 ,0.02 ,0.71 ,0.71 ,-0.78 ,-1.11 ,1.97 ,11.85 ,0.13 ,-0.23 ,,,,,,,,,,,,,,,,,,,,,,,,,,,,,,,,,,,,,,,,,,,,,,,,,,,
TCC,0.10 ,-0.05 ,0.66 ,-0.03 ,-0.05 ,-0.05 ,0.05 ,-0.18 ,1.97 ,11.85 ,-0.24 ,0.41 ,,,,,,,,,,,,,,,,,,,,,,,,,,,,,,,,,,,,,,,,,,,,,,,,,,,
TCG,0.04 ,0.53 ,0.66 ,0.10 ,0.53 ,0.53 ,-0.59 ,-0.08 ,1.97 ,11.85 ,0.79 ,-1.36 ,,,,,,,,,,,,,,,,,,,,,,,,,,,,,,,,,,,,,,,,,,,,,,,,,,,
TCT,0.14 ,-0.08 ,-0.66 ,-0.04 ,-0.08 ,-0.08 ,0.08 ,-0.25 ,1.97 ,11.85 ,-0.36 ,0.61 ,,,,,,,,,,,,,,,,,,,,,,,,,,,,,,,,,,,,,,,,,,,,,,,,,,,
TGA,0.66 ,0.71 ,-0.66 ,0.02 ,0.71 ,0.71 ,3.21 ,-1.11 ,1.97 ,11.85 ,0.13 ,-0.23 ,,,,,,,,,,,,,,,,,,,,,,,,,,,,,,,,,,,,,,,,,,,,,,,,,,,
TGC,0.29 ,0.44 ,0.66 ,0.03 ,0.44 ,0.44 ,-0.50 ,-0.50 ,1.97 ,11.85 ,0.26 ,-0.46 ,,,,,,,,,,,,,,,,,,,,,,,,,,,,,,,,,,,,,,,,,,,,,,,,,,,
TGG,-0.70 ,-0.60 ,0.66 ,0.02 ,-0.60 ,-0.60 ,0.65 ,1.23 ,1.97 ,11.85 ,0.13 ,-0.23 ,,,,,,,,,,,,,,,,,,,,,,,,,,,,,,,,,,,,,,,,,,,,,,,,,,,
TGT,0.04 ,0.09 ,-0.66 ,0.01 ,0.09 ,0.09 ,-0.11 ,-0.08 ,1.97 ,11.85 ,0.08 ,-0.15 ,,,,,,,,,,,,,,,,,,,,,,,,,,,,,,,,,,,,,,,,,,,,,,,,,,,
TTA,0.26 ,-0.15 ,-1.97 ,-0.08 ,-0.15 ,-0.15 ,0.15 ,-0.45 ,-1.97 ,-11.85 ,-0.65 ,1.14 ,,,,,,,,,,,,,,,,,,,,,,,,,,,,,,,,,,,,,,,,,,,,,,,,,,,
TTC,-0.06 ,-0.32 ,-0.66 ,-0.05 ,-0.32 ,-0.32 ,0.34 ,0.10 ,-1.97 ,-11.85 ,-0.42 ,0.74 ,,,,,,,,,,,,,,,,,,,,,,,,,,,,,,,,,,,,,,,,,,,,,,,,,,,
TTG,0.10 ,-0.12 ,-0.66 ,-0.04 ,-0.12 ,-0.12 ,0.12 ,-0.18 ,-1.97 ,-11.85 ,-0.36 ,0.61 ,,,,,,,,,,,,,,,,,,,,,,,,,,,,,,,,,,,,,,,,,,,,,,,,,,,
TTT,-0.79 ,-1.45 ,-1.97 ,-0.14 ,-1.45 ,-1.45 ,-1.86 ,1.39 ,-1.97 ,-11.85 ,-1.11 ,1.97 ,,,,,,,,,,,,,,,,,,,,,,,,,,,,,,,,,,,,,,,,,,,,,,,,,,,
